INSERT INTO categories (id, name) VALUES (1, 'Lost baggage'),(2, 'Flight delay or cancellation'),(3, 'Flight change or upgrade'),(4, 'Check-in issues'),(5, 'Refund requests'),(6, 'Baggage damage');
ALTER TABLE tickets MODIFY status VARCHAR(255) DEFAULT 'To do';
ALTER TABLE tickets MODIFY COLUMN created_at TIMESTAMP DEFAULT CURRENT_TIMESTAMP;
INSERT INTO tickets (id, title, content, priority, category_id) VALUES (1, 'Lost baggage', 'I couldn’t find my baggage after the flight from NYC to London.', 5, 1), (2, 'Flight delay', 'Flight AF123 was delayed for 5 hours and I received no updates.', 3, 2), (3, 'Class upgrade request', 'Request for business class upgrade for flight AF456.', 4, 3), (4, 'Check-in issue', 'The online check-in system is not working for flight AF789.', 1, 4), (5, 'Refund request', 'Request for a refund for a flight canceled without notice.', 2, 5), (6, 'Damaged baggage', 'My baggage was returned severely damaged after the flight.', 1, 6), (7, 'Flight delayed', 'Flight UA100 was delayed due to bad weather.', 3, 2), (8, 'Baggage not received', 'Baggage not received after arrival in Paris.', 5, 1), (9, 'Change of flight', 'Need to change my flight from JFK to LAX.', 4, 3), (10, 'Check-in issues', 'I am unable to check in online for my flight.', 1, 4), (11, 'Flight cancellation', 'My flight was cancelled without notification.', 2, 2), (12, 'Baggage claim', 'Issue with baggage claim process.', 1, 1), (13, 'Upgrade request', 'Request to upgrade my ticket to first class.', 4, 3), (14, 'Refund status', 'Request for status on my refund request.', 2, 5), (15, 'Lost item', 'I lost my item on the plane, need assistance.', 5, 1), (16, 'Flight rescheduling', 'Request to reschedule my flight due to personal reasons.', 3, 2), (17, 'Baggage delay', 'Baggage delayed upon arrival.', 5, 1), (18, 'Ticket issue', 'Error with my ticket information.', 1, 3), (19, 'Customer service issue', 'Rude behavior from customer service.', 2, 2), (20, 'Check-in deadline', 'I missed my check-in deadline.', 1, 4), (21, 'Change of destination', 'Request to change my flight destination.', 4, 3), (22, 'Compensation request', 'Request for compensation due to delay.', 2, 2), (23, 'Flight confirmation', 'Need confirmation for my flight tomorrow.', 1, 2), (24, 'Assistance needed', 'Need assistance at the airport.', 3, 2), (25, 'Lost boarding pass', 'I lost my boarding pass, need a replacement.', 1, 4), (26, 'Delayed baggage', 'Baggage delayed and no information provided.', 5, 1), (27, 'Flight time change', 'Flight time was changed and I was not informed.', 2, 2), (28, 'Medical emergency', 'Medical emergency on the flight, need assistance.', 1, 2);
ALTER TABLE users MODIFY is_available BOOLEAN DEFAULT TRUE;
INSERT INTO users (id, username, password, first_name, last_name, picture) VALUES (1, 'user', '{noop}password', 'John', 'Doe', 'https://example.com/images/jdoe1.jpg'),(2, 'asmith', '{noop}pass456', 'Alice', 'Smith', 'https://example.com/images/asmith.jpg'),(3, 'bjackson', '{noop}pwd789', 'Brad', 'Jackson', 'https://example.com/images/bjackson.jpg'),(4, 'csanchez', '{noop}abc123', 'Carlos', 'Sanchez', 'https://example.com/images/csanchez.jpg'),(5, 'rjohnson', '{noop}qwerty456', 'Rachel', 'Johnson', 'https://example.com/images/rjohnson.jpg'),(6, 'lmartinez', '{noop}zxcvbn789', 'Luis', 'Martinez', 'https://example.com/images/lmartinez.jpg'),(7, 'klee', '{noop}pass001', 'Kevin', 'Lee', 'https://example.com/images/klee.jpg'),(8, 'dwhite', '{noop}password654', 'Diana', 'White', 'https://example.com/images/dwhite.jpg'),(9, 'tadams', '{noop}pass321', 'Thomas', 'Adams', 'https://example.com/images/tadams.jpg'),(10, 'cwilson', '{noop}passwd789', 'Catherine', 'Wilson', 'https://example.com/images/cwilson.jpg'),(11, 'pmiller', '{noop}pass876', 'Paul', 'Miller', 'https://example.com/images/pmiller.jpg'),(12, 'jsmith', '{noop}pass998', 'Jessica', 'Smith', 'https://example.com/images/jsmith.jpg'), (13, 'admin', '{noop}password', 'Michele', 'Gelmini', 'dfdsfdsf');
INSERT INTO roles (id, name) VALUES(0, 'ADMIN'), (1, 'USER');
INSERT INTO users_roles(roles_id, user_id) VALUES (0, 13),(1, 1), (1, 2), (1, 3), (1, 4), (1, 5), (1, 6), (1, 7), (1, 8), (1, 9), (1, 10), (1, 11), (1, 12);
